010,011,001,000,111,110,100,101,tweet
22,44,37,27,76,56,46,40,monstrosity protarsus collegial rustable rosacean arrange chondrology unresistingness brucellosis verbenate constringency indisturbable nonpermissible 
18,52,40,33,70,50,41,44,condylion morula fargood neuropsychologist auxanogram diabetogenic unrecuperated gonadal Bajau chromatophorous Chinatown bradypeptic erosionist Ionian 
25,37,34,30,57,58,37,38,squeakingly perienteric trichotomic heterotransplantation churchscot laureled rhombos tolfraedic unfructified blackneck bepraiser Dorobo 
33,65,32,32,54,60,36,42,unreserve gora codicilic rufous omniprudent egret overwages Meibomian venatically turritellid predentate clipperman faussebrayed kenotism uplake spiriter 
20,66,39,31,64,51,42,37,bosomy ineffaceable culvertage seriogrotesque truckload nonconnective doveweed bloused corruption hyponychial apothecial Pythiaceae hypoderm icosasemic 
29,49,46,28,60,55,41,55,electroindustrial pikel soccerist bugler pegwood berate ostrich greeney toru sheal ringboned fin whewellite intuitional yajenine unmarginated interrex uncase 
27,59,40,30,62,59,38,26,exogastric Kaskaskia seemlily peplosed alanyl cyanformate mimetite Vellozia clangor screwed warship exarticulation strepitantly hypergenesis snoose 
17,48,42,37,60,56,44,44,babillard teleorganic laryngoscopy partition ion trout pearlfruit abasedness requisition vallated hexoic unpickable torchon galactophoritis Aristippus 
26,55,29,24,68,58,43,34,osteofibrous nonvacuous counterjudging Lex orthoarsenite dispersement oestradiol malinstitution pleasureful Recollect foxfinger martyress demiowl 
19,56,58,30,61,48,38,31,profert gallinipper grabber prognathi tracklayer Hypotricha pointillist ungardened areologic cholecystalgia fusibleness progoneate splanchnesthesia 
25,61,41,32,67,55,30,28,paleoethnic plasmotomy cinchoninic pseudonymal palaeologist appoggiatura honorarium mycodermatoid charterless Frankliniana pretransmit histologist 
23,56,40,41,59,59,28,35,unbeguiled bony Arauan tablemaker laloneurosis tesseral Cascadia dekaparsec monogamist designer campanular towngate rhopalism aparthrosis unblunder 
23,54,37,33,58,55,39,42,puteal grangerization gunnery beefy rush shieling consubsist greediness exappendiculate pantomorphic amphodelite Nashim higgler incunable colpotomy 
23,54,44,31,67,50,39,47,tragi zoonosology hepatoflavin Dendroidea eleostearic tippleman experimented toughish goldenness nonterrestrial Sanhedrim strewage sepulchral proterogyny 
24,55,37,26,61,59,36,38,cavelike brabblingly volcanian azotate neuratrophia tridynamous unactivity noncombustion centrosymmetric Cahnite geotaxis summist skyful encollar 
17,55,34,37,56,52,39,37,Bhowani aphidozer pollinical puccinoid boterol lattermost anteambulate buzzerphone contactually premonitive epihydric hamel showerless pietic 
29,49,41,37,63,53,33,31,stoup owser amphicarpous krosa dizain pyrograph jaspered neebor rarely Dryopithecus baculite heddlemaker coxcomically unadvantageous holocephalan 
17,50,38,27,53,58,44,49,colessor antipharmic commutuality slowdown Proarthri Trinitarian recementation leonite refractionate selectman teleseismic aggravate Beagle salvo 
18,56,48,30,69,50,44,33,seismologist lieve dithionic bathycolpian stonemason paleobotanically pastorale Halopsyche unsweated urethremphraxis triketone athymic ovenware osiery 
21,54,38,33,58,58,39,44,swallowlike untraced bistro umbriferous xenarthrous teinland parabomb velure roister repletively monoculate palaeoanthropic loave pop insignia pyrene 
20,56,40,36,59,60,32,36,Terrance Palaquium unlooked metencephalic foible hysterometer motivelessly Coropo overbumptious corocleisis rapaceus phaenogenetic panchama adhere 
22,66,44,23,59,55,39,37,unseriousness lazurite silentiary eclegma Maronian testily sketchiness sulpharsenide cuvy inerm arrogantly subectodermal stylitic cotter discomposing 
23,60,39,36,60,63,35,39,packway appealingness ulnad somewhatness stouten indianization derivatist illaudably antivenomous unfrictioned labiopharyngeal foreyard cadbote hedonical 
25,53,37,28,67,52,40,32,auxometer neuroanatomy ichthyologist uncling barbaloin nephroparalysis isomerism pietism stoneweed cafeneh hannayite radiophonic sooty forfeiter 
19,58,50,33,62,48,39,43,semidivided unpen fibroglia nonabsorptive Etruscology Araliophyllum creakily exothermous Mammillaria prepious ecclesia cakewalker taskwork bullhead chad 
29,52,47,36,66,50,42,37,subesophageal transship dihydrol handleable Barbra macrostructural steepwort parturiate hussar befouler bestowal anchorite optics muser glassware oversaucy 
22,61,35,32,62,59,49,35,endolymph hydrosol offgrade outtease heighten oviculated wamara unpack heathy pilmy monochloromethane superficiary equinoctially untessellated unviewable 
26,71,26,31,52,58,41,33,dure Ionidium rhymic renunciatory pallae wisenheimer overmultiply giggledom tearlet Senonian whiba minutial petrochemistry egest murage sleepwaker 
18,68,41,31,68,51,49,29,Hesione symptomical autophagous drierman nonextenuatory Golgi archconfraternity mesophyte colombier subaduncate tacket upsheath crossness acetol causally 
27,62,39,31,57,52,43,35,preinterpret Papaver Exogyra devicefulness Euchite roughie heterochrome baccheion confined barbarianism loricoid vernaculate voluntative neighborhood 
27,55,38,35,57,55,34,43,Arecales leakance noncrustaceous rutilant subradical knobbed supersubstantiality Euboean residentship cephalopod inoculability dribblement interknow 
23,54,50,31,59,56,42,29,theology hyperspatial discretionarily Zygnemaceae forepiece laughably helleboric scutching predaylight unrehearsed extrafloral boleite decorationist 
26,54,36,30,56,60,39,44,awkwardish Pictavi paleolithical tunableness unglossed geanticline avicularian thiuram entomoid inkish mineraiogic affinely unrolling paktong majagua 
18,55,46,32,68,57,29,43,postclavicula disulfonic kakke wiremaker readableness welting preprove caoutchoucin caser comestible livingstoneite microzoaria microzoology allineate 
19,51,39,37,63,55,46,38,ineradicable organon beastish untanned plunger Typhlops ashless yawper epicurishly unfealty unpointed reshipper cyclometrical Colossochelys Multigraph 
24,61,35,25,65,58,49,33,issuer befrumple posologist goalkeeping minus convulsibility deric undistant griddlecake supersuspicious disannuller unforbidden analyzer sharpshooting 
25,65,32,35,53,63,40,44,mynpachtbrief semirefined absolvitor Yanan enemylike alienship Pelomedusa shastrik transpirative cementum ubication Morphean manifesto indolently Sobranje 
21,49,38,29,62,58,38,58,crown Muskogee paleothermic demonetization freebooting turpeth cartelize Romanistic indissolvably trilocular urethrophyma crembalum armgaunt monembryony 
28,65,45,27,63,51,39,34,trucking purseless trichosis abrase outgang myeloblast caryophyllene Seshat kieselguhr Juloidea montiform physeterine Sargonic vindicatively midgy enure 
24,48,35,34,59,54,39,46,tectal Pokanoket misshape billabong endognathal jawsmith monothalamous sulphonamide vinolent scrobicula Parapsida incurableness Shakerlike contund 
